CustomerID,Gender,Age,Annual Income (k$),Spending Score (1-100),Cluster
1000,M,39.0,59.9,58.0,0
1001,M,34.0,48.4,37.0,0
1002,F,40.0,70.5,26.0,1
1003,F,47.0,81.1,30.0,1
1004,F,33.0,42.1,58.0,3
1005,M,33.0,36.7,73.0,3
1006,F,48.0,90.4,34.0,1
1007,F,41.0,74.8,35.0,1
1008,F,31.0,42.3,43.0,0
1009,M,39.0,48.6,61.0,0
1010,M,31.0,21.2,52.0,3
1011,M,31.0,47.2,67.0,3
1012,M,37.0,45.4,48.0,0
1013,F,20.0,15.0,78.0,3
1014,F,21.0,25.9,65.0,3
1015,F,31.0,35.3,54.0,3
1016,F,27.0,39.7,49.0,0
1017,M,38.0,55.9,43.0,0
1018,M,28.0,38.5,59.0,3
1019,M,24.0,15.0,64.0,3
1020,F,47.0,89.0,23.0,1
1021,M,33.0,44.1,51.0,0
1022,M,36.0,44.4,52.0,0
1023,F,24.0,26.9,37.0,3
1024,F,31.0,24.2,65.0,3
1025,M,36.0,50.7,39.0,0
1027,M,38.0,40.2,36.0,0
1028,M,30.0,24.4,42.0,3
1029,M,33.0,50.9,36.0,0
1030,M,30.0,31.6,50.0,3
1031,F,50.0,99.1,42.0,1
1032,F,35.0,41.3,48.0,0
1033,F,27.0,17.5,65.0,3
1034,M,42.0,62.1,46.0,0
1035,F,25.0,37.5,56.0,3
1036,M,37.0,48.0,49.0,0
1037,M,19.0,15.0,50.0,3
1038,F,24.0,27.1,73.0,3
1039,M,37.0,53.2,66.0,0
1040,M,41.0,87.7,16.0,1
1041,F,36.0,59.0,35.0,0
1042,F,34.0,40.9,51.0,0
1043,F,33.0,31.4,48.0,3
1044,M,23.0,20.7,66.0,3
1045,F,29.0,36.9,48.0,0
1046,F,31.0,30.7,79.0,3
1047,M,43.0,64.9,53.0,0
1048,F,38.0,53.8,49.0,0
1049,F,21.0,20.0,71.0,3
1050,F,38.0,51.3,59.0,0
1051,M,32.0,34.1,51.0,3
1052,M,30.0,34.8,48.0,3
1053,M,40.0,70.0,41.0,1
1054,M,43.0,82.3,42.0,1
1055,F,42.0,77.7,37.0,1
1056,M,28.0,18.2,47.0,3
1057,M,33.0,34.6,48.0,3
1058,F,38.0,39.0,52.0,0
1059,F,43.0,70.5,38.0,1
1060,F,31.0,37.7,75.0,3
1061,M,34.0,32.2,43.0,3
1062,M,26.0,22.0,66.0,3
1063,M,25.0,19.6,77.0,3
1064,F,42.0,80.9,57.0,1
1065,F,46.0,77.7,30.0,1
1066,M,34.0,38.0,59.0,3
1068,F,38.0,46.6,52.0,0
1069,F,30.0,34.4,55.0,3
1070,M,38.0,64.4,47.0,0
1071,F,47.0,89.1,3.0,2
1072,F,35.0,35.2,62.0,3
1073,M,48.0,98.1,26.0,1
1074,M,18.0,21.5,56.0,3
1075,F,42.0,62.8,62.0,0
1076,F,36.0,54.0,41.0,0
1077,M,33.0,54.3,44.0,0
1078,M,36.0,38.4,74.0,3
1079,F,19.0,15.0,53.0,3
1080,F,33.0,50.1,44.0,0
1081,F,38.0,53.2,46.0,0
1082,F,47.0,86.9,38.0,1
1083,M,31.0,41.1,56.0,0
1084,F,29.0,37.9,42.0,0
1085,F,31.0,27.8,54.0,3
1086,M,42.0,84.3,27.0,1
1087,F,38.0,60.4,44.0,0
1088,M,31.0,36.6,60.0,3
1089,F,39.0,52.5,52.0,0
1090,F,36.0,35.2,37.0,0
1091,M,43.0,69.3,50.0,0
1092,M,29.0,39.4,57.0,3
1093,F,32.0,39.7,68.0,3
1094,F,32.0,49.2,55.0,0
1095,F,23.0,21.3,72.0,3
1096,M,37.0,53.7,52.0,0
1097,F,37.0,41.0,66.0,3
1098,M,35.0,45.4,57.0,0
1099,M,33.0,40.6,53.0,0
1100,F,24.0,27.6,81.0,3
1101,M,32.0,37.2,64.0,3
1102,F,32.0,39.1,60.0,3
1103,F,29.0,41.4,41.0,0
1104,F,34.0,40.3,41.0,0
1106,F,50.0,104.9,21.0,2
1107,M,36.0,58.5,40.0,0
1108,M,37.0,38.9,55.0,3
1109,F,34.0,49.3,66.0,0
1110,F,20.0,15.0,69.0,3
1111,M,35.0,47.7,39.0,0
1112,M,35.0,48.0,49.0,0
1113,M,55.0,97.7,10.0,2
1114,M,33.0,35.7,52.0,3
1115,F,37.0,43.7,47.0,0
1116,F,35.0,38.3,49.0,0
1118,F,44.0,77.5,34.0,1
1119,M,41.0,78.7,30.0,1
1120,F,41.0,79.7,6.0,1
1121,M,28.0,44.9,72.0,3
1122,F,46.0,79.5,44.0,1
1123,M,24.0,27.7,54.0,3
1124,M,40.0,80.0,36.0,1
1125,F,53.0,100.1,8.0,2
1126,M,27.0,31.8,74.0,3
1127,F,30.0,42.5,72.0,3
1128,F,36.0,51.3,50.0,0
1129,M,31.0,28.5,69.0,3
1130,F,23.0,31.0,58.0,3
1131,F,36.0,54.5,34.0,0
1132,F,27.0,25.1,56.0,3
1133,F,39.0,53.1,48.0,0
1135,M,47.0,82.7,29.0,1
1136,F,29.0,43.4,52.0,0
1137,F,32.0,59.1,45.0,0
1138,F,42.0,66.2,41.0,1
1139,F,25.0,16.6,52.0,3
1140,F,37.0,51.6,41.0,0
1141,M,45.0,87.6,18.0,1
1142,F,22.0,20.4,70.0,3
1143,M,36.0,59.0,25.0,1
1144,M,37.0,38.5,65.0,3
1145,M,41.0,74.8,52.0,1
1146,M,25.0,22.8,57.0,3
1147,F,24.0,39.6,27.0,0
1148,M,39.0,68.7,37.0,1
1149,M,37.0,43.1,51.0,0
1150,F,37.0,44.8,41.0,0
1151,F,38.0,57.9,40.0,0
1152,F,30.0,33.5,72.0,3
1153,M,37.0,48.8,56.0,0
1154,F,37.0,49.4,40.0,0
1155,F,29.0,19.4,46.0,3
1156,M,50.0,84.7,25.0,1
1157,F,39.0,47.3,47.0,0
1158,F,25.0,23.7,65.0,3
1159,F,40.0,82.1,30.0,1
1160,F,27.0,21.1,66.0,3
1161,M,41.0,87.9,52.0,1
1162,F,44.0,84.9,40.0,1
1163,F,28.0,30.8,57.0,3
1164,M,43.0,86.4,30.0,1
1165,F,38.0,53.7,44.0,0
1166,M,42.0,81.7,46.0,1
1167,F,50.0,92.6,19.0,1
1168,M,33.0,39.3,55.0,3
1169,M,29.0,29.9,59.0,3
1170,M,28.0,24.3,55.0,3
1171,M,28.0,26.4,46.0,3
1172,F,34.0,67.4,46.0,0
1173,M,38.0,61.0,44.0,0
1174,F,37.0,38.4,59.0,3
1175,M,42.0,70.0,34.0,1
1176,M,35.0,49.5,62.0,0
1177,M,47.0,85.6,21.0,1
1178,F,33.0,46.4,68.0,3
1179,M,57.0,88.8,2.0,2
1180,F,40.0,68.2,45.0,1
1181,F,28.0,35.6,60.0,3
1182,F,26.0,30.1,50.0,3
1183,F,39.0,35.0,59.0,3
1184,F,33.0,40.2,67.0,3
1185,F,41.0,73.9,16.0,1
1186,F,39.0,54.2,52.0,0
1188,F,28.0,35.9,46.0,0
1189,M,23.0,21.5,77.0,3
1190,M,31.0,45.8,46.0,0
1191,M,42.0,82.5,22.0,1
1192,M,37.0,52.6,46.0,0
1193,M,25.0,32.5,77.0,3
1194,F,36.0,63.9,25.0,1
1195,F,38.0,42.0,41.0,0
1196,F,28.0,36.8,70.0,3
1197,F,36.0,40.0,72.0,3
1198,F,35.0,50.0,48.0,0
1199,F,26.0,22.1,48.0,3
1200,F,38.0,47.7,71.0,3
1201,M,39.0,50.4,64.0,0
1202,M,44.0,87.2,38.0,1
1203,M,43.0,79.7,27.0,1
1204,M,24.0,15.8,62.0,3
1205,F,27.0,31.6,56.0,3
1206,F,39.0,47.1,53.0,0
1207,F,39.0,42.7,66.0,3
1208,M,39.0,51.1,57.0,0
1209,F,66.0,98.9,1.0,2
1210,F,40.0,86.0,47.0,1
1211,F,44.0,82.6,36.0,1
1212,M,43.0,59.0,50.0,0
1213,F,40.0,66.6,56.0,0
1214,M,32.0,48.4,39.0,0
1215,M,41.0,94.2,30.0,1
1216,M,29.0,22.1,56.0,3
1217,M,33.0,27.0,43.0,3
1218,F,31.0,53.4,52.0,0
1219,M,36.0,50.5,74.0,3
1220,M,54.0,86.7,5.0,2
1221,F,20.0,22.9,59.0,3
1222,F,40.0,53.1,53.0,0
1223,M,22.0,22.2,61.0,3
1224,F,31.0,41.0,52.0,0
1225,M,44.0,82.8,20.0,1
1226,M,36.0,39.3,56.0,3
1227,M,26.0,30.1,50.0,3
1228,M,29.0,27.4,37.0,3
1229,F,40.0,76.1,50.0,1
1230,M,29.0,27.6,69.0,3
1231,F,37.0,45.9,51.0,0
1232,F,35.0,37.6,57.0,3
1233,F,30.0,41.8,64.0,3
1234,F,52.0,90.3,26.0,1
1235,M,40.0,65.1,51.0,0
1236,F,19.0,17.1,58.0,3
1237,M,36.0,35.8,68.0,3
1238,F,30.0,34.2,60.0,3
1239,F,42.0,66.0,43.0,0
1240,M,29.0,55.8,35.0,0
1241,M,34.0,34.9,59.0,3
1242,M,39.0,64.5,34.0,1
1243,F,42.0,87.0,26.0,1
1244,F,25.0,29.8,49.0,3
1245,M,32.0,54.3,38.0,0
1246,M,31.0,41.4,75.0,3
1247,M,30.0,39.7,67.0,3
1248,M,49.0,80.3,50.0,1
1249,F,38.0,60.8,32.0,0
1250,M,25.0,36.4,56.0,3
1251,M,42.0,71.7,26.0,1
1252,M,52.0,81.5,21.0,1
1253,M,43.0,71.5,29.0,1
1254,F,23.0,17.6,74.0,3
1255,M,31.0,37.9,51.0,3
1256,F,45.0,83.1,43.0,1
1257,M,29.0,31.1,64.0,3
1258,M,39.0,52.5,70.0,0
1259,F,41.0,76.4,22.0,1
1260,M,28.0,39.8,67.0,3
1261,F,35.0,27.6,70.0,3
1262,F,18.0,15.0,51.0,3
1263,M,27.0,32.9,67.0,3
1264,F,33.0,51.6,53.0,0
1265,F,25.0,23.7,58.0,3
1266,F,48.0,68.1,28.0,1
1267,F,24.0,30.8,50.0,3
1268,F,31.0,33.3,77.0,3
1269,F,36.0,37.9,54.0,3
1270,F,47.0,74.8,42.0,1
1271,F,24.0,24.3,52.0,3
1272,M,44.0,72.6,29.0,1
1273,M,35.0,28.0,69.0,3
1274,F,27.0,38.4,41.0,0
1275,M,39.0,63.0,39.0,0
1276,F,37.0,54.4,48.0,0
1277,F,30.0,27.5,60.0,3
1278,M,36.0,45.8,49.0,0
1279,F,32.0,40.1,58.0,3
1280,F,36.0,52.2,55.0,0
1281,F,40.0,90.9,39.0,1
1282,F,48.0,79.6,22.0,1
1283,M,25.0,28.3,55.0,3
1284,F,52.0,92.7,35.0,1
1286,F,34.0,49.4,36.0,0
1287,M,40.0,68.7,44.0,1
1288,F,37.0,49.9,29.0,0
1289,M,30.0,47.9,51.0,0
1290,M,33.0,45.3,71.0,3
1291,F,31.0,31.5,48.0,3
1292,F,30.0,47.8,43.0,0
1293,M,42.0,85.2,41.0,1
1294,F,38.0,47.5,34.0,0
1295,M,29.0,31.0,51.0,3
1296,M,42.0,78.0,42.0,1
1297,F,37.0,52.9,42.0,0
1298,F,42.0,71.6,36.0,1
1299,M,40.0,77.2,45.0,1
1300,M,28.0,46.6,55.0,0
1301,M,31.0,47.0,54.0,0
1302,M,41.0,68.1,37.0,1
1303,F,40.0,79.2,40.0,1
1304,F,35.0,37.3,53.0,3
1305,F,36.0,50.6,54.0,0
1306,F,45.0,93.2,23.0,1
1307,F,30.0,34.9,54.0,3
1308,M,39.0,46.0,40.0,0
1309,F,33.0,36.8,55.0,3
1310,F,33.0,33.3,48.0,3
1311,F,44.0,72.7,26.0,1
1312,F,42.0,69.3,42.0,1
1313,F,42.0,66.9,42.0,1
1314,M,45.0,84.7,39.0,1
1315,M,35.0,52.8,44.0,0
1316,M,40.0,65.2,46.0,0
1317,F,33.0,54.2,54.0,0
1318,M,38.0,55.1,51.0,0
1319,M,34.0,52.0,41.0,0
1320,F,36.0,42.1,54.0,0
1321,F,40.0,75.0,42.0,1
1322,F,28.0,24.3,60.0,3
1323,M,52.0,104.9,1.0,2
1324,M,27.0,32.6,58.0,3
1325,F,25.0,32.0,79.0,3
1326,F,44.0,74.0,33.0,1
1327,M,41.0,63.6,35.0,1
1328,M,40.0,63.8,46.0,0
1329,F,40.0,59.0,48.0,0
1330,F,35.0,49.3,62.0,0
1331,M,28.0,22.1,49.0,3
1332,F,36.0,54.2,55.0,0
1333,M,30.0,26.7,65.0,3
1334,M,43.0,83.6,32.0,1
1335,M,34.0,48.8,54.0,0
1336,M,28.0,27.4,69.0,3
1337,F,32.0,44.9,61.0,0
1338,F,38.0,53.1,36.0,0
1339,M,30.0,32.3,65.0,3
1340,M,28.0,24.9,59.0,3
1341,M,37.0,33.5,56.0,3
1342,M,37.0,52.0,49.0,0
1343,M,31.0,25.9,58.0,3
1344,F,31.0,39.2,66.0,3
1345,F,37.0,47.1,49.0,0
1346,F,23.0,29.4,46.0,3
1347,F,24.0,23.4,56.0,3
1348,M,29.0,32.2,59.0,3
1349,M,33.0,47.9,63.0,0
1350,M,37.0,51.9,54.0,0
1351,M,47.0,90.7,19.0,1
1352,M,42.0,74.6,62.0,0
1353,F,34.0,31.5,60.0,3
1354,M,35.0,51.7,62.0,0
1355,F,27.0,36.1,54.0,3
1356,F,35.0,37.5,60.0,3
1357,F,33.0,40.0,62.0,3
1358,F,38.0,50.7,61.0,0
1359,M,28.0,31.9,68.0,3
1360,F,39.0,55.5,55.0,0
1361,F,47.0,103.3,20.0,2
1362,F,34.0,52.5,43.0,0
1363,M,38.0,40.5,56.0,3
1364,M,41.0,78.9,45.0,1
1365,M,32.0,50.8,47.0,0
1366,F,37.0,52.3,59.0,0
1367,F,35.0,54.3,62.0,0
1368,M,36.0,63.5,35.0,1
1369,F,29.0,43.0,44.0,0
1370,M,35.0,47.6,49.0,0
1371,M,39.0,61.2,47.0,0
1372,F,47.0,86.7,24.0,1
1373,F,43.0,84.7,46.0,1
1374,F,52.0,87.7,29.0,1
1375,F,29.0,47.3,51.0,0
1376,M,42.0,72.2,24.0,1
1377,M,36.0,59.7,32.0,0
1378,M,53.0,86.1,28.0,1
1379,M,29.0,23.6,39.0,3
1380,M,28.0,35.9,66.0,3
1381,F,30.0,19.8,60.0,3
1382,M,18.0,20.0,92.0,3
1383,M,31.0,45.5,75.0,3
1384,M,29.0,30.1,56.0,3
1385,F,36.0,48.4,49.0,0
1386,F,38.0,66.6,52.0,0
1387,F,50.0,82.3,46.0,1
1388,F,43.0,70.2,22.0,1
1389,M,30.0,48.5,33.0,0
1390,M,28.0,48.7,44.0,0
1392,F,24.0,33.9,61.0,3
1393,M,50.0,102.4,32.0,1
1394,M,44.0,72.7,25.0,1
1395,F,31.0,34.5,33.0,0
1396,F,21.0,30.2,65.0,3
1397,F,46.0,92.1,20.0,1
1398,F,34.0,48.3,30.0,0
1399,M,45.0,70.0,39.0,1
1400,M,22.0,38.1,61.0,3
1401,M,30.0,32.4,56.0,3
1402,F,35.0,42.9,48.0,0
1403,F,35.0,48.3,49.0,0
1404,M,31.0,50.8,46.0,0
1405,M,40.0,85.0,21.0,1
1406,M,26.0,32.7,49.0,3
1407,M,34.0,47.5,56.0,0
1408,F,36.0,47.7,53.0,0
1409,M,39.0,57.3,47.0,0
1410,M,41.0,46.5,39.0,0
1411,M,26.0,27.0,57.0,3
1412,M,23.0,25.9,37.0,3
1413,M,45.0,71.9,39.0,1
1414,M,38.0,54.1,61.0,0
1415,M,29.0,33.2,42.0,0
1416,F,47.0,82.7,25.0,1
1417,F,36.0,60.0,49.0,0
1418,F,44.0,69.8,51.0,0
1419,F,36.0,46.2,46.0,0
1420,M,51.0,91.4,18.0,1
1421,F,49.0,89.1,7.0,2
1422,F,33.0,43.6,53.0,0
1423,M,43.0,73.7,58.0,0
1424,M,40.0,68.6,43.0,1
1425,F,46.0,92.0,28.0,1
1426,F,27.0,36.2,59.0,3
1427,M,40.0,66.9,41.0,1
1428,F,43.0,82.5,25.0,1
1430,M,26.0,31.4,59.0,3
1431,M,19.0,23.4,58.0,3
1432,M,33.0,41.7,43.0,0
1433,F,41.0,74.2,51.0,1
1434,M,47.0,78.7,39.0,1
1435,M,36.0,45.8,45.0,0
1436,F,48.0,82.6,40.0,1
1437,M,24.0,19.8,56.0,3
1438,F,21.0,19.0,53.0,3
1439,F,35.0,33.2,49.0,3
1440,F,38.0,47.1,32.0,0
1441,M,35.0,43.3,57.0,0
1442,F,18.0,15.0,43.0,3
1443,F,34.0,41.9,41.0,0
1444,M,25.0,27.1,38.0,3
1445,F,40.0,70.0,39.0,1
1446,F,38.0,58.0,44.0,0
1447,F,27.0,26.0,56.0,3
1448,F,31.0,28.8,48.0,3
1449,F,27.0,22.9,49.0,3
1450,M,34.0,39.9,58.0,3
1451,F,43.0,64.9,35.0,1
1452,F,27.0,25.0,63.0,3
1453,M,39.0,42.4,43.0,0
1454,M,31.0,34.8,58.0,3
1455,M,29.0,36.3,68.0,3
1456,F,34.0,48.6,56.0,0
1457,M,27.0,26.7,55.0,3
1458,F,31.0,35.1,59.0,3
1459,F,25.0,20.2,59.0,3
1460,M,51.0,90.2,25.0,1
1461,M,35.0,38.8,51.0,0
1462,F,29.0,39.4,53.0,0
1463,M,37.0,34.9,57.0,3
1464,F,34.0,40.9,43.0,0
1465,M,33.0,44.4,42.0,0
1466,M,40.0,80.6,22.0,1
1467,M,41.0,92.6,15.0,2
1468,F,31.0,41.2,41.0,0
1469,M,30.0,28.6,60.0,3
1470,F,33.0,41.2,44.0,0
1471,F,18.0,15.0,66.0,3
1472,F,23.0,23.4,60.0,3
1473,F,46.0,76.3,15.0,1
1474,M,48.0,83.4,37.0,1
1475,F,33.0,37.6,63.0,3
1476,F,40.0,66.3,32.0,1
1477,M,37.0,44.1,56.0,0
1478,F,60.0,127.6,1.0,2
1479,M,44.0,78.7,36.0,1
1480,F,34.0,58.5,34.0,0
1481,M,27.0,37.7,37.0,0
1482,F,22.0,26.1,54.0,3
1483,M,37.0,52.1,47.0,0
1484,F,29.0,38.0,51.0,3
1485,F,24.0,15.0,51.0,3
1486,M,30.0,34.4,52.0,3
1487,M,26.0,36.2,58.0,3
1488,M,48.0,82.5,30.0,1
1489,M,42.0,58.7,45.0,0
1490,F,35.0,45.2,45.0,0
1491,F,47.0,98.0,37.0,1
1492,M,36.0,57.4,35.0,0
1493,F,28.0,32.5,62.0,3
1494,M,47.0,89.3,40.0,1
1495,M,39.0,49.9,53.0,0
1496,F,27.0,17.6,61.0,3
1497,F,33.0,34.6,51.0,3
1498,F,28.0,45.5,62.0,0
1499,F,24.0,23.6,46.0,3
1500,F,42.0,68.2,30.0,1
1501,F,50.0,87.0,23.0,1
1502,F,24.0,41.0,65.0,3
1503,M,40.0,83.2,39.0,1
1504,M,30.0,54.4,39.0,0
1505,M,31.0,37.1,52.0,3
1506,M,30.0,39.0,48.0,0
1507,M,28.0,20.9,54.0,3
1508,F,35.0,57.4,56.0,0
1509,M,28.0,23.7,47.0,3
1510,M,37.0,50.9,65.0,0
1511,M,35.0,36.8,63.0,3
1512,M,33.0,37.3,66.0,3
1513,M,28.0,26.3,55.0,3
1514,M,30.0,31.7,56.0,3
1515,M,41.0,69.2,26.0,1
1516,F,39.0,48.4,44.0,0
1517,F,27.0,37.9,60.0,3
1518,M,36.0,38.6,67.0,3
1519,F,41.0,77.8,25.0,1
1520,F,22.0,31.9,52.0,3
1521,F,39.0,48.7,47.0,0
1522,F,30.0,30.9,44.0,3
1523,M,40.0,66.5,47.0,0
1524,F,29.0,44.2,45.0,0
1525,F,21.0,22.0,58.0,3
1526,F,22.0,18.0,57.0,3
1527,M,35.0,49.5,42.0,0
1528,M,37.0,40.4,53.0,0
1529,M,28.0,38.5,52.0,3
1530,M,40.0,79.4,33.0,1
1531,M,22.0,19.7,54.0,3
1532,M,34.0,37.1,58.0,3
1533,M,25.0,20.5,78.0,3
1534,F,30.0,40.9,55.0,0
1535,F,35.0,55.4,57.0,0
1536,F,28.0,27.9,45.0,3
1537,M,32.0,43.9,54.0,0
1538,M,43.0,56.8,33.0,0
1539,M,30.0,31.9,42.0,3
1540,M,42.0,79.5,28.0,1
1541,M,26.0,22.1,73.0,3
1543,F,47.0,75.8,36.0,1
1544,M,18.0,17.3,45.0,3
1545,M,29.0,33.3,55.0,3
1546,M,40.0,56.5,48.0,0
1547,M,33.0,25.0,62.0,3
1548,F,38.0,46.1,32.0,0
1549,M,30.0,40.3,45.0,0
1550,M,36.0,25.4,58.0,3
1551,M,34.0,39.8,59.0,3
1552,M,44.0,68.5,17.0,1
1553,F,37.0,60.3,43.0,0
1554,M,38.0,47.9,51.0,0
1555,M,32.0,43.3,61.0,3
1556,F,31.0,39.5,61.0,3
1557,F,32.0,23.2,66.0,3
1558,F,38.0,57.1,38.0,0
1559,M,32.0,41.9,34.0,0
1560,M,37.0,53.3,44.0,0
1561,F,52.0,120.8,22.0,2
1562,F,42.0,55.2,59.0,0
1563,F,32.0,54.0,55.0,0
1564,F,45.0,79.1,38.0,1
1565,F,32.0,42.5,57.0,0
1566,F,19.0,16.4,55.0,3
1567,M,27.0,27.8,57.0,3
1568,M,20.0,15.0,79.0,3
1569,M,32.0,42.8,43.0,0
1570,F,35.0,33.5,72.0,3
1571,F,48.0,92.2,23.0,1
1572,F,38.0,47.7,63.0,0
1573,F,33.0,33.0,43.0,3
1574,F,42.0,63.6,48.0,0
1575,F,18.0,25.1,50.0,3
1576,M,37.0,44.9,37.0,0
1577,M,41.0,85.4,36.0,1
1578,F,23.0,18.2,72.0,3
1579,M,44.0,85.4,23.0,1
1580,F,38.0,56.5,31.0,0
1581,M,32.0,55.0,47.0,0
1582,F,40.0,64.3,41.0,0
1583,F,53.0,95.2,27.0,1
1584,M,36.0,48.2,59.0,0
1585,M,37.0,59.6,45.0,0
1586,F,31.0,32.6,75.0,3
1587,F,28.0,39.0,57.0,3
1588,M,42.0,66.3,37.0,1
1589,M,28.0,32.5,41.0,0
1590,F,36.0,48.1,47.0,0
1591,M,31.0,40.4,50.0,0
1592,F,39.0,51.9,57.0,0
1594,F,43.0,93.1,18.0,1
1595,F,31.0,46.3,53.0,0
1596,M,33.0,49.0,57.0,0
1597,M,27.0,27.6,74.0,3
1598,M,31.0,31.3,66.0,3
1599,M,38.0,58.6,53.0,0
1600,M,41.0,91.6,32.0,1
1601,M,28.0,44.8,56.0,0
1602,M,42.0,69.6,52.0,0
1603,F,46.0,80.9,19.0,1
1604,M,38.0,37.9,50.0,0
1605,M,50.0,85.0,20.0,1
1606,F,29.0,42.8,57.0,0
1607,M,25.0,23.9,72.0,3
1608,M,21.0,25.5,52.0,3
1609,F,47.0,79.0,9.0,1
1610,M,40.0,75.3,34.0,1
1611,M,35.0,36.4,64.0,3
1612,M,37.0,49.9,54.0,0
1613,F,26.0,15.0,68.0,3
1614,M,55.0,100.7,14.0,2
1615,M,36.0,34.4,43.0,0
1616,F,36.0,57.0,52.0,0
1617,M,41.0,83.9,26.0,1
1618,F,39.0,56.5,68.0,0
1619,F,37.0,61.4,50.0,0
1620,M,29.0,27.2,53.0,3
1621,F,39.0,66.8,36.0,1
1622,F,50.0,84.4,27.0,1
1623,M,46.0,94.2,25.0,1
1624,F,48.0,98.4,35.0,1
1625,F,31.0,29.5,60.0,3
1626,M,27.0,24.6,53.0,3
1627,M,34.0,38.9,73.0,3
1628,M,35.0,41.4,53.0,0
1629,F,44.0,71.6,45.0,1
1630,M,21.0,30.2,50.0,3
1631,F,47.0,80.6,36.0,1
1632,F,34.0,46.6,54.0,0
1633,F,32.0,35.6,37.0,0
1634,F,27.0,16.6,83.0,3
1635,F,22.0,24.4,72.0,3
1636,F,42.0,60.9,39.0,0
1637,F,36.0,46.9,39.0,0
1638,M,25.0,16.7,66.0,3
1639,M,25.0,43.5,53.0,0
1640,F,32.0,47.5,54.0,0
1641,F,48.0,82.9,32.0,1
1642,M,33.0,52.1,54.0,0
1643,F,23.0,17.2,77.0,3
1644,M,33.0,46.3,57.0,0
1645,M,33.0,43.6,42.0,0
1646,M,18.0,17.1,74.0,3
1647,F,35.0,55.8,64.0,0
1648,F,33.0,47.9,82.0,3
1649,M,41.0,78.0,25.0,1
1650,M,50.0,79.1,33.0,1
1651,M,44.0,71.7,17.0,1
1652,M,33.0,41.0,59.0,3
1653,M,26.0,30.1,52.0,3
1655,M,35.0,64.9,36.0,1
1656,F,35.0,57.7,30.0,0
1657,M,35.0,50.4,45.0,0
1658,F,37.0,49.8,29.0,0
1659,F,34.0,42.1,60.0,3
1660,F,30.0,29.0,38.0,3
1661,F,31.0,39.0,55.0,3
1662,F,35.0,47.7,30.0,0
1663,F,31.0,28.5,55.0,3
1664,M,29.0,37.5,71.0,3
1665,F,36.0,46.2,54.0,0
1666,M,33.0,26.7,51.0,3
1667,F,47.0,74.6,34.0,1
1668,F,18.0,15.0,61.0,3
1669,M,44.0,90.4,35.0,1
1670,F,45.0,73.6,22.0,1
1671,M,18.0,15.0,67.0,3
1672,M,32.0,44.1,25.0,0
1673,M,32.0,27.8,53.0,3
1674,M,24.0,34.5,51.0,3
1675,F,29.0,31.0,64.0,3
1676,F,26.0,28.7,58.0,3
1677,M,49.0,92.6,12.0,2
1678,F,42.0,59.1,34.0,0
1679,F,45.0,62.7,42.0,0
1680,M,41.0,70.9,38.0,1
1681,F,26.0,37.7,49.0,0
1683,M,39.0,30.1,63.0,3
1684,F,25.0,24.0,55.0,3
1685,F,41.0,69.6,39.0,1
1686,F,33.0,51.6,71.0,0
1687,M,32.0,36.5,41.0,0
1688,M,41.0,74.9,19.0,1
1689,F,39.0,62.0,51.0,0
1691,F,44.0,74.6,33.0,1
1692,F,26.0,30.9,50.0,3
1693,M,40.0,79.4,34.0,1
1694,F,40.0,66.6,57.0,0
1695,M,33.0,42.3,61.0,3
1696,M,38.0,31.1,65.0,3
1697,F,25.0,22.3,46.0,3
1698,F,42.0,79.2,24.0,1
1700,M,31.0,38.9,46.0,0
1701,F,43.0,92.4,39.0,1
1702,F,29.0,32.1,62.0,3
1703,M,24.0,27.2,56.0,3
1704,F,23.0,16.3,62.0,3
1705,M,40.0,59.1,37.0,0
1706,F,25.0,32.5,59.0,3
1707,M,49.0,85.0,36.0,1
1708,F,18.0,15.0,45.0,3
1709,F,49.0,88.4,30.0,1
1710,M,37.0,54.9,56.0,0
1711,M,34.0,27.4,55.0,3
1712,F,31.0,47.7,58.0,0
1713,M,38.0,48.3,78.0,3
1714,M,35.0,49.0,49.0,0
1715,M,44.0,87.2,35.0,1
1716,M,36.0,36.4,47.0,0
1717,F,36.0,41.7,54.0,0
1718,F,32.0,37.9,59.0,3
1719,M,35.0,39.3,56.0,3
1720,M,37.0,63.1,34.0,1
1721,M,21.0,15.0,64.0,3
1722,M,24.0,21.4,75.0,3
1723,F,41.0,77.4,41.0,1
1724,F,36.0,37.8,64.0,3
1725,M,34.0,40.6,51.0,0
1726,M,35.0,48.1,58.0,0
1727,M,38.0,48.3,52.0,0
1728,F,31.0,37.7,45.0,0
1729,M,29.0,30.6,61.0,3
1730,F,37.0,37.1,44.0,0
1731,M,27.0,33.8,50.0,3
1732,F,38.0,65.0,45.0,0
1733,M,21.0,20.5,63.0,3
1734,F,43.0,83.9,21.0,1
1735,M,39.0,58.3,56.0,0
1736,M,37.0,39.0,59.0,3
1737,M,43.0,94.8,22.0,1
1738,F,48.0,86.1,14.0,1
1739,M,43.0,89.0,30.0,1
1740,F,20.0,15.0,58.0,3
1741,F,25.0,42.1,54.0,0
1742,M,30.0,42.8,49.0,0
1743,M,35.0,50.0,29.0,0
1744,M,39.0,54.7,43.0,0
1745,F,29.0,32.8,54.0,3
1746,M,36.0,57.0,53.0,0
1747,F,29.0,35.9,49.0,3
1748,F,30.0,20.9,78.0,3
1749,M,24.0,16.9,43.0,3
1750,M,36.0,45.9,64.0,0
1751,M,40.0,66.0,39.0,1
1752,M,63.0,95.5,19.0,2
1753,M,36.0,57.2,47.0,0
1754,M,53.0,75.1,41.0,1
1755,F,48.0,92.4,23.0,1
1756,F,59.0,90.9,6.0,2
1757,F,76.0,125.5,1.0,2
1758,M,63.0,95.2,9.0,2
1759,F,31.0,41.8,55.0,0
1760,F,20.0,15.0,74.0,3
1761,F,34.0,54.0,38.0,0
1762,F,55.0,108.3,20.0,2
1763,F,21.0,25.1,52.0,3
1764,M,49.0,77.0,31.0,1
1765,M,55.0,105.3,16.0,2
1766,F,39.0,47.1,35.0,0
1767,F,66.0,108.2,1.0,2
1768,F,25.0,40.8,67.0,3
1769,M,23.0,32.6,65.0,3
1770,M,63.0,90.2,12.0,2
1771,F,49.0,96.9,26.0,1
1772,M,61.0,82.1,15.0,1
1774,F,33.0,45.6,50.0,0
1775,M,69.0,91.8,5.0,2
1776,M,68.0,95.7,14.0,2
1777,F,61.0,90.1,7.0,2
1778,M,35.0,43.2,68.0,3
1779,M,55.0,81.9,9.0,1
1780,F,40.0,76.4,54.0,1
1781,M,24.0,27.8,54.0,3
1782,M,75.0,116.0,1.0,2
1783,F,26.0,23.4,41.0,3
1784,F,77.0,129.6,1.0,2
1785,F,46.0,92.7,17.0,2
1786,M,29.0,30.9,52.0,3
1787,F,52.0,90.2,23.0,1
1788,M,72.0,116.1,1.0,2
1789,F,63.0,93.1,13.0,2
1790,M,68.0,103.9,3.0,2
1791,F,59.0,112.5,1.0,2
1792,F,61.0,77.1,11.0,1
1793,F,71.0,120.9,6.0,2
1794,F,33.0,42.6,45.0,0
1795,M,48.0,84.3,46.0,1
1796,F,32.0,39.5,52.0,0
1797,F,79.0,124.5,1.0,2
1798,M,77.0,107.4,1.0,2
1799,F,20.0,30.6,68.0,3
1800,M,62.0,94.5,11.0,2
1801,F,75.0,121.1,1.0,2
1802,F,29.0,42.4,52.0,0
1803,F,53.0,92.6,26.0,1
1804,M,75.0,121.4,1.0,2
1805,F,20.0,16.5,61.0,3
1806,F,61.0,99.2,17.0,2
1807,F,36.0,30.4,74.0,3
1808,M,75.0,116.8,1.0,2
1809,M,78.0,118.2,1.0,2
1810,F,77.0,124.7,1.0,2
1811,M,47.0,93.4,1.0,2
1812,F,71.0,104.7,1.0,2
1813,F,70.0,102.9,1.0,2
1814,F,38.0,50.1,44.0,0
1815,F,69.0,99.6,2.0,2
1816,F,20.0,25.3,57.0,3
1817,F,55.0,102.0,28.0,1
1818,F,32.0,16.9,64.0,3
1819,M,25.0,24.6,52.0,3
1820,M,23.0,15.7,73.0,3
1821,M,61.0,79.3,17.0,1
1822,M,39.0,42.9,56.0,0
1823,M,63.0,96.9,5.0,2
1824,M,22.0,32.8,49.0,3
1825,M,38.0,53.5,48.0,0
1826,F,51.0,79.0,30.0,1
1827,F,67.0,106.8,5.0,2
1828,F,38.0,47.3,47.0,0
1829,F,57.0,100.3,1.0,2
1830,M,73.0,104.8,1.0,2
1831,M,56.0,79.3,33.0,1
1832,F,32.0,37.1,52.0,3
1833,F,20.0,19.9,58.0,3
1834,M,72.0,111.4,1.0,2
1835,F,19.0,15.0,54.0,3
1836,F,72.0,104.6,1.0,2
1837,F,51.0,93.9,22.0,1
1838,F,76.0,108.9,1.0,2
1839,M,68.0,111.2,1.0,2
1840,F,80.0,118.6,1.0,2
1841,F,40.0,74.0,43.0,1
1842,M,66.0,89.7,8.0,2
1843,M,43.0,71.9,41.0,1
1844,F,48.0,101.9,41.0,1
1845,M,57.0,104.4,10.0,2
1846,F,72.0,120.0,1.0,2
1847,F,79.0,129.0,1.0,2
1848,M,66.0,92.6,1.0,2
1849,F,44.0,81.0,28.0,1
1850,F,44.0,59.5,37.0,0
1851,F,64.0,108.4,7.0,2
1852,F,33.0,32.4,80.0,3
1853,M,25.0,34.7,48.0,3
1854,M,40.0,74.6,34.0,1
1855,F,36.0,62.0,44.0,0
1856,M,36.0,44.1,56.0,0
1857,F,32.0,45.9,54.0,0
1858,F,21.0,38.7,66.0,3
1859,F,19.0,15.0,37.0,3
1860,F,79.0,112.5,1.0,2
1861,F,45.0,60.3,36.0,0
1862,M,42.0,81.0,46.0,1
1863,F,60.0,90.6,1.0,2
1864,M,32.0,37.2,25.0,0
1865,M,77.0,124.7,1.0,2
1866,F,67.0,104.7,3.0,2
1867,F,24.0,29.2,47.0,3
1868,F,44.0,82.2,23.0,1
1869,F,73.0,124.2,1.0,2
1870,F,77.0,113.6,1.0,2
1871,M,47.0,79.1,26.0,1
1872,F,56.0,99.6,22.0,2
1873,F,28.0,39.6,26.0,0
1874,M,79.0,132.0,1.0,2
1875,M,32.0,43.8,41.0,0
1876,F,76.0,128.9,1.0,2
1877,M,58.0,95.6,11.0,2
1878,F,56.0,116.1,18.0,2
1879,M,50.0,97.5,4.0,2
1880,M,32.0,46.1,52.0,0
1881,F,29.0,49.1,56.0,0
1882,M,32.0,26.9,78.0,3
1883,M,30.0,32.4,52.0,3
1884,M,66.0,95.5,9.0,2
1885,M,40.0,74.1,20.0,1
1886,M,22.0,15.0,39.0,3
1887,M,78.0,129.1,1.0,2
1888,F,73.0,125.0,1.0,2
1889,F,76.0,125.0,1.0,2
1890,M,80.0,128.9,1.0,2
1892,F,43.0,75.3,55.0,1
1893,F,65.0,109.6,6.0,2
1894,M,61.0,98.6,14.0,2
1895,F,28.0,32.7,57.0,3
1896,M,69.0,103.5,1.0,2
1897,F,32.0,24.0,74.0,3
1898,M,32.0,31.6,51.0,3
1899,M,51.0,109.2,23.0,2
1900,F,55.0,80.3,10.0,1
1901,F,54.0,100.0,7.0,2
1902,M,24.0,33.9,70.0,3
1903,F,72.0,102.2,1.0,2
1904,F,34.0,45.3,66.0,3
1905,F,26.0,36.9,54.0,3
1906,M,73.0,114.1,1.0,2
1907,M,77.0,144.1,1.0,2
1908,F,71.0,97.1,1.0,2
1909,F,68.0,113.5,3.0,2
1910,F,59.0,110.5,9.0,2
1911,M,52.0,97.9,6.0,2
1912,M,23.0,27.5,60.0,3
1913,F,43.0,62.5,64.0,0
1914,F,41.0,72.3,44.0,1
1915,F,34.0,28.9,58.0,3
1916,F,63.0,100.8,19.0,2
1917,F,49.0,95.7,27.0,1
1918,F,23.0,29.1,59.0,3
1919,M,32.0,48.7,40.0,0
1920,F,60.0,102.3,13.0,2
1921,M,23.0,25.2,69.0,3
1922,F,71.0,103.4,1.0,2
1923,F,49.0,78.0,46.0,1
1924,M,48.0,80.5,30.0,1
1925,M,55.0,109.1,5.0,2
1926,M,69.0,104.9,8.0,2
1927,M,40.0,72.0,36.0,1
1928,F,60.0,104.5,18.0,2
1929,M,53.0,97.0,18.0,2
1930,F,35.0,50.9,49.0,0
1931,M,72.0,127.7,1.0,2
1932,F,67.0,96.2,7.0,2
1933,F,59.0,102.4,1.0,2
1934,F,71.0,112.3,1.0,2
1935,F,72.0,117.4,1.0,2
1937,F,70.0,101.6,1.0,2
1938,M,61.0,99.5,1.0,2
1939,F,60.0,111.5,1.0,2
1940,M,56.0,85.6,2.0,2
1941,M,65.0,110.4,1.0,2
1942,F,28.0,42.4,47.0,0
1943,M,73.0,115.1,1.0,2
1944,F,72.0,112.8,1.0,2
1945,M,20.0,23.0,62.0,3
1946,F,69.0,99.9,21.0,2
1947,M,26.0,29.6,43.0,3
1948,F,39.0,35.6,66.0,3
1949,F,64.0,104.8,15.0,2
1950,F,28.0,20.5,54.0,3
1951,F,69.0,118.8,1.0,2
1952,M,70.0,106.0,1.0,2
1953,F,49.0,82.8,32.0,1
1954,M,18.0,15.0,76.0,3
1955,M,36.0,45.1,57.0,0
1956,M,56.0,118.4,14.0,2
1957,F,79.0,104.9,1.0,2
1958,M,57.0,110.8,1.0,2
1959,M,34.0,46.5,49.0,0
1960,M,57.0,86.4,33.0,1
1961,F,51.0,83.4,13.0,1
1962,F,66.0,114.8,1.0,2
1963,M,25.0,20.0,63.0,3
1964,F,65.0,90.4,1.0,2
1965,F,52.0,92.8,15.0,2
1966,M,78.0,125.7,1.0,2
1967,M,39.0,45.3,37.0,0
1968,F,57.0,100.0,6.0,2
1969,M,76.0,111.2,1.0,2
1970,F,24.0,34.6,42.0,0
1971,F,76.0,127.9,1.0,2
1972,F,61.0,96.7,6.0,2
1973,F,22.0,25.1,66.0,3
1974,F,37.0,63.3,42.0,0
1975,F,62.0,94.2,7.0,2
1976,M,22.0,15.0,63.0,3
1977,M,54.0,107.4,1.0,2
1978,F,39.0,69.5,46.0,1
1979,F,56.0,92.8,23.0,1
1980,F,21.0,17.5,57.0,3
1981,M,72.0,115.5,1.0,2
1982,F,78.0,122.6,1.0,2
1983,M,78.0,115.1,1.0,2
1984,F,64.0,106.8,6.0,2
1985,F,26.0,48.0,47.0,0
1986,M,65.0,101.2,5.0,2
1987,M,20.0,15.0,61.0,3
1988,F,19.0,15.0,74.0,3
1989,F,38.0,53.1,37.0,0
1990,F,48.0,92.8,19.0,1
1991,M,66.0,105.2,12.0,2
1992,M,60.0,100.1,6.0,2
1993,M,46.0,73.8,44.0,1
1994,M,35.0,36.9,72.0,3
1995,M,80.0,133.3,1.0,2
1996,M,44.0,82.6,40.0,1
1997,F,46.0,67.7,26.0,1
1998,F,28.0,45.7,59.0,0
1999,M,67.0,107.8,1.0,2
